Date;Category;Label;Debit;Credit
2015-12-21;CHEQUEEMIS;5216281/0000000/000000000;2700,00;0
2015-12-21;PAIEMENTPARCARTE;KFCLANGUEUX19/12;8,45;0
2015-12-21;PAIEMENTPARCARTE;SOMOBASTATIONTADEN19/12;58,87;0
2015-12-21;PAIEMENTPARCARTE;INTERMARCHETADEN18/12;7,55;0
2015-12-21;PAIEMENTPARCARTE;TERRESNEUVASDINAN18/12;19,20;0
2015-12-21;PAIEMENTPARCARTE;SMCASINOCS184LESNEVEN19/12;15,97;0
2015-12-21;PAIEMENTPARCARTE;RESTPOINTEPLOUGONVELIN19/12;184,00;0
2015-12-18;PAIEMENTPARCARTE;INTERMARCHETADEN17/12;2,69;0
2015-12-18;PAIEMENTPARCARTE;INTERMARCHETADEN17/12;19,65;0
2015-12-16;PAIEMENTPARCARTE;GOURMETWOKTADEN15/12;17,90;0
2015-12-15;PAIEMENTPARCARTE;INTERMARCHELANVALL14/12;13,46;0
2015-12-15;PAIEMENTPARCARTE;INTERMARCHETADEN14/12;7,43;0
2015-12-14;RETRAITAUDISTRIBUTEUR;CORPSNUDS113/1215H08;60,00;0
2015-12-14;PAIEMENTPARCARTE;TERRESNEUVASDINAN12/12;1,70;0
2015-12-14;PAIEMENTPARCARTE;TATIEJEANNEDINAN13/12;23,10;0
2015-12-14;PAIEMENTPARCARTE;BARDESVEDETTEDINAN12/12;71,50;0
2015-12-14;PAIEMENTPARCARTE;LE1DELAPLACEDINAN11/12;25,20;0
2015-12-14;PAIEMENTPARCARTE;INTERMARCHETADEN11/12;4,11;0
2015-12-14;PAIEMENTPARCARTE;AUVIEUXSTSAUVEURDINAN12/12;4,50;0
2015-12-14;PAIEMENTPARCARTE;INTERMARCHELANVALL12/12;16,89;0
2015-12-11;PAIEMENTPARCARTE;PORTPLAISANCEDINAN10/12;216,00;0
2015-12-11;PAIEMENTPARCARTE;INTERMARCHETADEN10/12;5,68;0
2015-12-11;PAIEMENTPARCARTE;INTERMARCHETADEN10/12;4,54;0
2015-12-10;PAIEMENTPARCARTE;INTERMARCHETADEN09/12;5,68;0
2015-12-10;VIREMENTENVOTREFAVEUR;SUPPLETIS;0;104,00
2015-12-09;PAIEMENTPARCARTE;CARREFOURCITYDINAN08/12;6,36;0
2015-12-09;PAIEMENTPARCARTE;INTERMARCHETADEN08/12;11,24;0
2015-12-08;PAIEMENTPARCARTE;INTERMARCHETADEN07/12;3,40;0
2015-12-08;PAIEMENTPARCARTE;INTERMARCHETADEN07/12;6,10;0
2015-12-08;PAIEMENTPARCARTE;SFRCBONESHOTPUTEAUX05/12;39,98;0
2015-12-07;RETRAITAUDISTRIBUTEUR;DINANCENTRE105/1217H30;60,00;0
2015-12-07;PAIEMENTPARCARTE;EVASIONMARINESTJOUANDE05/12;280,00;0
2015-12-07;PAIEMENTPARCARTE;TERRESNEUVASDINAN05/12;75,50;0
2015-12-07;PAIEMENTPARCARTE;INTERMARCHETADEN04/12;11,98;0
2015-12-07;PAIEMENTPARCARTE;LEPASSESIMPLEDINAN05/12;13,00;0
2015-12-07;PAIEMENTPARCARTE;INTERMARCHELANVALL05/12;88,23;0
2015-12-07;PAIEMENTPARCARTE;LIBRAIRIELEGREDINAN05/12;25,00;0
2015-12-04;PAIEMENTPARCARTE;INTERMARCHETADEN03/12;5,68;0
2015-12-03;COTISATION;COMPTESERVICEOPTION2;6,28;0
2015-12-03;PAIEMENTPARCARTE;INTERMARCHETADEN02/12;5,68;0
2015-12-02;PAIEMENTPARCARTE;BARDESVEDETTEDINAN30/11;70,00;0
2015-12-01;PAIEMENTPARCARTE;INTERMARCHETADEN30/11;18,90;0
2015-12-01;PAIEMENTPARCARTE;INTERMARCHETADEN30/11;18,89;0
2015-11-30;FRAIS;OPERATIONETRANGER;0,85;0
2015-11-30;RETRAITAUDISTRIBUTEUR;LESNEVEN228/1117H59;60,00;0
2015-11-30;PAIEMENTPARCARTE;SUBWAY-TADEN27/11;8,00;0
2015-11-30;PAIEMENTPARCARTE;INTERMARCHETADEN27/11;11,98;0
2015-11-30;PAIEMENTPARCARTE;CASINOCARBSS184LESNEVEN29/11;58,63;0
2015-11-30;PAIEMENTPARCARTE;DYN*DYN.COM/CHARGE603-66827/11;28,39;0
2015-11-30;VIREMENTENVOTREFAVEUR;C.P.A.M.FINISTERE153300004086;0;5,90
2015-11-27;PRELEVEMENT;GAEL;1,13;0
2015-11-27;PAIEMENTPARCARTE;GOURMETWOKTADEN26/11;17,40;0
2015-11-27;PAIEMENTPARCARTE;INTERMARCHELANVALL26/11;10,81;0
2015-11-27;VIREMENTENVOTREFAVEUR;APOLOGICAPOLOGIC53291215380001;0;1891,82
2015-11-26;PAIEMENTPARCARTE;BARDESVEDETTEDINAN25/11;22,50;0
2015-11-26;PAIEMENTPARCARTE;INTERMARCHELANVALL25/11;12,83;0
2015-11-25;PAIEMENTPARCARTE;MCDONALDQUEVERT24/11;11,70;0
2015-11-25;PAIEMENTPARCARTE;INTERMARCHELANVALL24/11;62,69;0
2015-11-24;RETRAITAUDISTRIBUTEUR;DINANCENTRE123/1116H50;60,00;0
2015-11-24;PAIEMENTPARCARTE;CARREFOURCITYDINAN23/11;44,55;0
2015-11-24;PAIEMENTPARCARTE;LIBRAIRIELEGRENIERDINAN23/11;25,00;0
2015-11-23;PAIEMENTPARCARTE;LEPASSESIMPLEDINAN20/11;22,90;0
2015-11-23;PAIEMENTPARCARTE;BRICOMARCHETADEN21/11;8,03;0
2015-11-23;PAIEMENTPARCARTE;DECATHLON0720TADEN21/11;50,24;0
2015-11-23;PAIEMENTPARCARTE;GOURMETWOKTADEN21/11;13,50;0
2015-11-23;PAIEMENTPARCARTE;CARREFOURCITYDINAN20/11;15,25;0
2015-11-23;PAIEMENTPARCARTE;INTERMARCHETADEN21/11;23,51;0
2015-11-20;PAIEMENTPARCARTE;TERRESNEUVASDINAN19/11;103,50;0
2015-11-20;PAIEMENTPARCARTE;INTERMARCHETADEN19/11;7,55;0
2015-11-19;PAIEMENTPARCARTE;INTERMARCHELANVALL18/11;56,54;0
2015-11-19;VIREMENTENVOTREFAVEUR;MMAIARD151432901061532215507;0;99,84
2015-11-18;PRELEVEMENT;SUPPLETIS018506;104,00;0
2015-11-18;PAIEMENTPARCARTE;INTERMARCHETADEN17/11;9,49;0
2015-11-18;PRELEVEMENT;PRETPERSONNEL018506;1731,85;0
2015-11-18;PRELEVEMENT;PRETPERSONNEL018506;12415,88;0
2015-11-18;PRELEVEMENT;SUPPLETIS018506;4268,32;0
2015-11-16;RETRAITAUDISTRIBUTEUR;LESNEVEN14/1116H17;60,00;0
2015-11-16;RETRAITAUDISTRIBUTEUR;DINANINTERMARCH13/1117H09;60,00;0
2015-11-16;PAIEMENTPARCARTE;LELAFAYETTEBREST15/11;70,00;0
2015-11-16;PAIEMENTPARCARTE;SOMOBADACTADEN14/11;48,21;0
2015-11-16;PAIEMENTPARCARTE;SMCASINOCS184LESNEVEN14/11;18,79;0
2015-11-13;FRAIS;COMMISSIOND'INTERVENTION;8,00;0
2015-11-13;VIREMENTENVOTREFAVEUR;PRETBUDGET;0;30000,00
2015-11-12;FRAIS;COMMISSIOND'INTERVENTION;24,00;0
2015-11-12;PAIEMENTPARCARTE;SFRCBONESHOTPUTEAUX09/11;49,27;0
2015-11-10;PAIEMENTPARCARTE;ADKERAUTODINAN09/11;10,64;0
2015-11-10;PAIEMENTPARCARTE;CARREFOURCITYDINAN09/11;8,73;0
2015-11-09;PRELEVEMENT;PRETPERSONNEL018506;146,90;0
2015-11-09;PRELEVEMENT;PRETPERSONNEL018506;383,59;0
2015-11-09;PAIEMENTPARCARTE;BRICOMARCHETADEN07/11;8,28;0
2015-11-09;PAIEMENTPARCARTE;LE1DELAPLACEDINAN06/11;18,70;0
2015-11-09;PAIEMENTPARCARTE;INTERMARCHELANVALL06/11;22,20;0
2015-11-09;PAIEMENTPARCARTE;INTERMARCHETADEN07/11;57,80;0
2015-11-06;PAIEMENTPARCARTE;INTERMARCHETADEN05/11;36,42;0
2015-11-04;PAIEMENTPARCARTE;CARREFOURCITYDINAN03/11;12,92;0
2015-11-03;COTISATION;COMPTESERVICEOPTION2;6,28;0
2015-11-03;RETRAITAUDISTRIBUTEUR;LANVALLAY02/1118H18;60,00;0
2015-11-03;PAIEMENTPARCARTE;INTERMARCHELANVALL02/11;35,52;0
2015-11-02;PAIEMENTPARCARTE;SOMOBADACTADEN31/10;64,92;0
2015-11-02;PAIEMENTPARCARTE;BARDESVEDETTEDINAN31/10;70,00;0
2015-11-02;PAIEMENTPARCARTE;INTERMARCHETADEN30/10;13,08;0
2015-11-02;PAIEMENTPARCARTE;LESTERRASSESDINAN01/11;5,40;0
2015-10-30;FRAIS;OPERATIONETRANGER;0,83;0
2015-10-30;PAIEMENTPARCARTE;INTERMARCHELANVALL29/10;19,18;0
2015-10-30;PAIEMENTPARCARTE;INTERMARCHETADEN29/10;31,08;0
2015-10-30;PAIEMENTPARCARTE;DYN*DYN.COM/CHARGE603-66829/10;27,49;0
2015-10-29;RETRAITAUDISTRIBUTEUR;DINANINTERMARCH28/1017H49;60,00;0
2015-10-27;PRELEVEMENT;SUPPLETIS018506;112,32;0
2015-10-27;VIREMENTENVOTREFAVEUR;APOLOGICAPOLOGIC52961551200001;0;1896,34
2015-10-22;RETROATITRECOMMERCIAL;COMMISSIOND'INTERVENTION;0;16,00
2015-10-22;FRAIS;COMMISSIOND'INTERVENTION;16,00;0
2015-10-21;RETROATITRECOMMERCIAL;COMMISSIOND'INTERVENTION;0;8,00
2015-10-21;FRAIS;COMMISSIOND'INTERVENTION;8,00;0
2015-10-21;PAIEMENTPARCARTE;CARREFOURCITYDINAN20/10;9,69;0
2015-10-21;PAIEMENTPARCARTE;INTERMARCHETADEN20/10;6,90;0
2015-10-20;RETROATITRECOMMERCIAL;COMMISSIOND'INTERVENTION;0;16,00
2015-10-20;FRAIS;COMMISSIOND'INTERVENTION;24,00;0
2015-10-20;REJET;PRLVSUPPLETIS;0;104,00
2015-10-20;PAIEMENTPARCARTE;INTERMARCHETADEN19/10;5,91;0
2015-10-19;PRELEVEMENT;GAEL;1,13;0
2015-10-19;FRAIS;COMMISSIOND'INTERVENTION;8,00;0
2015-10-19;PAIEMENTPARCARTE;LEONVOLLESNEVEN17/10;38,50;0
2015-10-19;PAIEMENTPARCARTE;BARDESVEDETTEDINAN16/10;71,50;0
2015-10-19;PAIEMENTPARCARTE;INTERMARCHETADEN16/10;16,09;0
2015-10-19;VIREMENTENVOTREFAVEUR;C.P.A.M.FINISTERE152890003419;0;3,90
2015-10-16;FRAIS;COMMISSIOND'INTERVENTION;8,00;0
2015-10-16;PRELEVEMENT;SUPPLETIS018506;104,00;0
2015-10-16;PAIEMENTPARCARTE;CARREFOURCITYDINAN15/10;9,00;0
2015-10-15;FRAIS;COMMISSIOND'INTERVENTION;8,00;0
2015-10-15;PAIEMENTPARCARTE;CARREFOURCITYDINAN14/10;10,95;0
2015-10-14;FRAIS;COMMISSIOND'INTERVENTION;24,00;0
2015-10-14;PAIEMENTPARCARTE;INTERMARCHETADEN13/10;9,92;0
2015-10-13;FRAIS;COMMISSIOND'INTERVENTION;24,00;0
2015-10-13;RETRAITAUDISTRIBUTEUR;DINAN12/1017H44;80,00;0
2015-10-13;PAIEMENTPARCARTE;INTERMARCHETADEN12/10;9,48;0
2015-10-13;PAIEMENTPARCARTE;CASINOCARBSS184LESNEVEN12/10;45,23;0
2015-10-12;CHEQUEEMIS;5216277/0000000/000000000;365,00;0
2015-10-12;PAIEMENTPARCARTE;OSAKABREST10/10;32,10;0
2015-10-12;PAIEMENTPARCARTE;SMCASINOCS184LESNEVEN09/10;12,99;0
2015-10-09;PRELEVEMENT;PRETPERSONNEL018506;146,90;0
2015-10-09;PRELEVEMENT;PRETPERSONNEL018506;383,59;0
2015-10-09;PAIEMENTPARCARTE;LENEZROUGEDINAN08/10;22,20;0
2015-10-09;PAIEMENTPARCARTE;CARREFOURCITYDINAN08/10;10,20;0
2015-10-07;PAIEMENTPARCARTE;INTERMARCHETADEN06/10;15,45;0
2015-10-07;CHEQUEEMIS;5216279;120,00;0
2015-10-02;FRAIS;INTDEB3TRIM15TAEG=18,17%;33,81;0
2015-10-05;RETRAITAUDISTRIBUTEUR;DINANGARE04/1017H46;60,00;0
2015-10-05;PAIEMENTPARCARTE;COIF&COLEFOLGOET03/10;14,00;0
2015-10-05;PAIEMENTPARCARTE;SMCASINOCS184LESNEVEN02/10;12,99;0
2015-10-05;PAIEMENTPARCARTE;CASINOCARBSS184LESNEVEN04/10;53,75;0
2015-10-05;WEBCOMPTEJOINTCMB;VIREMENTEMIS;650,00;0
2015-10-02;PAIEMENTPARCARTE;INTERMARCHETADEN01/10;3,38;0
2015-10-02;CHEQUEEMIS;5216278;770,40;0
2015-10-01;COTISATION;COMPTESERVICEOPTION2;6,28;0
2015-10-01;PAIEMENTPARCARTE;LECARIVERPLOUGASTELDAO30/09;70,00;0
2015-10-01;CHEQUEEMIS;5216274;30,00;0
2015-09-30;PAIEMENTPARCARTE;CENTRELECLERCLEHON29/09;28,10;0
2015-09-30;PAIEMENTPARCARTE;SFRCBONESHOTPUTEAUX28/09;48,53;0
2015-09-29;FRAIS;OPERATIONETRANGER;0,81;0
2015-09-29;PAIEMENTPARCARTE;INTERMARCHETADEN28/09;13,35;0
2015-09-29;PAIEMENTPARCARTE;SOMOBADACTADEN28/09;61,58;0
2015-09-29;PAIEMENTPARCARTE;DYN*DYN.COM/CHARGE603-66828/09;26,69;0
2015-09-28;PRELEVEMENT;GAEL;1,13;0
2015-09-28;RETRAITAUDISTRIBUTEUR;LESNEVEN27/0911H24;60,00;0
2015-09-28;PAIEMENTPARCARTE;ANTYCOZPLOUGASTELDAOU26/09;23,00;0
2015-09-28;PAIEMENTPARCARTE;CASTORAMABREST26/09;54,29;0
2015-09-28;PAIEMENTPARCARTE;SMCASINOCS184LESNEVEN25/09;15,97;0
2015-09-28;VIREMENTENVOTREFAVEUR;APOLOGICAPOLOGIC52671045180001;0;1825,48
2015-09-25;PAIEMENTPARCARTE;CARREFOURCITYDINAN24/09;10,51;0
2015-09-24;PAIEMENTPARCARTE;INTERMARCHETADEN23/09;22,44;0
2015-09-24;VIREMENTENVOTREFAVEUR;SUPPLETIS;0;800,00
2015-09-23;FRAIS;COMMISSIOND'INTERVENTION;8,00;0
2015-09-22;FRAIS;COMMISSIOND'INTERVENTION;24,00;0
2015-09-22;RETRAITAUDISTRIBUTEUR;DINAN21/0912H55;60,00;0
2015-09-21;PAIEMENTPARCARTE;CENTRELECLERCGUINGAMP18/09;6,85;0
2015-09-21;PAIEMENTPARCARTE;SUPERU29PLOUGASTELDA19/09;7,45;0
2015-09-21;PAIEMENTPARCARTE;SMCASINOCS184LESNEVEN19/09;21,90;0
2015-09-21;PAIEMENTPARCARTE;GARAGEDEBELAIRLESNEVEN20/09;59,77;0
2015-09-18;PRELEVEMENT;SUPPLETIS018506;90,00;0
2015-09-18;PAIEMENTPARCARTE;SUBWAY-TADEN17/09;8,00;0
2015-09-18;PAIEMENTPARCARTE;CARREFOURCITYDINAN17/09;8,79;0
2015-09-17;PAIEMENTPARCARTE;INTERMARCHETADEN16/09;5,91;0
2015-09-16;PAIEMENTPARCARTE;GOURMETWOKTADEN15/09;17,40;0
2015-09-16;PAIEMENTPARCARTE;INTERMARCHETADEN15/09;4,69;0
2015-09-16;PAIEMENTPARCARTE;INTERMARCHETADEN15/09;14,32;0
2015-09-14;RETRAITAUDISTRIBUTEUR;LESNEVEN12/0918H32;60,00;0
2015-09-14;PAIEMENTPARCARTE;SMCASINOCS184LESNEVEN11/09;7,40;0
2015-09-14;PAIEMENTPARCARTE;CASINOCARBSS184LESNEVEN13/09;65,22;0
2015-09-11;RETRAITAUDISTRIBUTEUR;DINAN10/0908H03;80,00;0
2015-09-10;PAIEMENTPARCARTE;DECATHLON0720TADEN09/09;19,95;0
2015-09-10;PAIEMENTPARCARTE;CARREFOURCITYDINAN09/09;3,85;0
2015-09-10;PAIEMENTPARCARTE;INTERMARCHETADEN09/09;8,05;0
2015-09-09;PRELEVEMENT;PRETPERSONNEL018506;146,90;0
2015-09-09;PRELEVEMENT;PRETPERSONNEL018506;383,59;0
2015-09-09;PAIEMENTPARCARTE;CARREFOURCITYDINAN08/09;13,63;0
2015-09-09;PAIEMENTPARCARTE;CARREFOURCITYDINAN08/09;7,62;0
2015-09-09;PAIEMENTPARCARTE;MCDONALDQUEVERT08/09;7,80;0
2015-09-09;PAIEMENTPARCARTE;TABACPRESSELOTODINAN08/09;71,30;0
2015-09-08;PAIEMENTPARCARTE;SUBWAY-TADEN07/09;8,00;0
2015-09-08;PAIEMENTPARCARTE;CARREFOURCITYDINAN07/09;8,79;0
2015-09-07;FRAIS;OPERATIONETRANGER;0,82;0
2015-09-07;RETRAITAUDISTRIBUTEUR;LESNEVEN05/0914H15;60,00;0
2015-09-07;PAIEMENTPARCARTE;STYLECO7658LESNEVEN05/09;37,98;0
2015-09-07;PAIEMENTPARCARTE;GOURMETWOKTADEN04/09;17,40;0
2015-09-07;PAIEMENTPARCARTE;INTERMARCHETADEN04/09;7,55;0
2015-09-07;PAIEMENTPARCARTE;INTERMARCHETADEN04/09;5,89;0
2015-09-07;PAIEMENTPARCARTE;CDISCOUNTBORDEAUX04/09;14,80;0
2015-09-07;PAIEMENTPARCARTE;CASINOCARBSS184LESNEVEN05/09;68,13;0
2015-09-07;PAIEMENTPARCARTE;DYN*DYN.COM/CHARGE603-66806/09;26,84;0
2015-09-07;WEBCOMPTEJOINTCMB;VIREMENTEMIS;650,00;0
2015-09-04;PAIEMENTPARCARTE;INTERMARCHETADEN03/09;9,08;0
2015-09-03;FRAIS;OPERATIONETRANGER;1,01;0
2015-09-03;PAIEMENTPARCARTE;INTERMARCHETADEN02/09;6,87;0
2015-09-03;PAIEMENTPARCARTE;DYN*DYN.COM/CHARGE603-66802/09;35,43;0
2015-09-02;RETRAITAUDISTRIBUTEUR;DINAN01/0907H59;80,00;0
2015-09-01;COTISATION;COMPTESERVICEOPTION2;6,28;0
2015-09-01;PAIEMENTPARCARTE;CAMPINGMPALDINAN31/08;39,20;0
2015-09-01;PAIEMENTPARCARTE;CARREFOURCITYDINAN31/08;6,36;0
2015-08-31;CHEQUEEMIS;5216271;65,40;0
2015-08-28;PRELEVEMENT;GAEL;1,13;0
2015-08-27;COTISATION;CARTEGOLDDITWINDUAL;80,40;0
2015-08-27;FRAIS;COMMISSIOND'INTERVENTION;24,00;0
2015-08-27;VIREMENTENVOTREFAVEUR;APOLOGICAPOLOGIC52371128200001;0;2489,44
2015-08-26;FRAIS;COMMISSIOND'INTERVENTION;24,00;0
2015-08-26;PAIEMENTPARCARTE;INTERMARCHETADEN25/08;13,44;0
2015-08-26;PAIEMENTPARCARTE;SFRCBONESHOTPUTEAUX24/08;46,43;0
2015-08-26;PAIEMENTPARCARTE;SFRCBONESHOTPUTEAUX24/08;50,48;0
2015-08-25;RETRAITAUDISTRIBUTEUR;DINAN24/0817H52;80,00;0
2015-08-25;PAIEMENTPARCARTE;CAMPINGMPALDINAN24/08;39,20;0
2015-08-25;PAIEMENTPARCARTE;TABACPRESSELOTODINAN24/08;70,00;0
2015-08-24;RETRAITAUDISTRIBUTEUR;DINANINTERMARCH21/0813H46;60,00;0
2015-08-24;RETRAITAUDISTRIBUTEUR;06301BRESTSIAM21/0818H08;60,00;0
2015-08-24;PAIEMENTPARCARTE;SOMOBADACTADEN21/08;64,50;0
2015-08-24;PAIEMENTPARCARTE;SMCASINOCS184LESNEVEN22/08;17,42;0
2015-08-20;RETRAITAUDISTRIBUTEUR;DINAN19/0818H11;80,00;0
2015-08-19;PAIEMENTPARCARTE;CAMPINGMPALDINAN17/08;39,20;0
2015-08-19;PAIEMENTPARCARTE;KARINECOIFFUREDINAN18/08;17,00;0
2015-08-19;PAIEMENTPARCARTE;INTERMARCHETADEN18/08;6,41;0
2015-08-18;PRELEVEMENT;SUPPLETIS018506;90,00;0
2015-08-17;RETRAITAUDISTRIBUTEUR;LESNEVEN15/0815H43;80,00;0
2015-08-17;PAIEMENTPARCARTE;SMCASINOCS184LESNEVEN15/08;10,77;0
2015-08-14;RETRAITAUDISTRIBUTEUR;DINANINTERMARCH13/0812H56;60,00;0
2015-08-14;CHEQUEEMIS;5216276;16,20;0
2015-08-11;RETRAITAUDISTRIBUTEUR;DINANINTERMARCH10/0813H11;60,00;0
2015-08-11;PAIEMENTPARCARTE;CAMPINGMPALDINAN10/08;39,20;0
2015-08-11;PAIEMENTPARCARTE;CARREFOURCITYDINAN10/08;12,38;0
2015-08-10;PAIEMENTPARCARTE;SMCASINOCS184LESNEVEN07/08;10,52;0
2015-08-10;PAIEMENTPARCARTE;SOMOBASTATIONTADEN07/08;52,79;0
2015-08-07;PRELEVEMENT;PRETPERSONNEL018506;146,90;0
2015-08-07;PRELEVEMENT;PRETPERSONNEL018506;383,59;0
2015-08-06;RETRAITAUDISTRIBUTEUR;DINAN05/0818H39;80,00;0
2015-08-06;PAIEMENTPARCARTE;LE1DELAPLACEDINAN05/08;58,50;0
2015-08-06;PAIEMENTPARCARTE;LE40BOULEVARD-01QUEVERT05/08;6,90;0
2015-08-05;PAIEMENTPARCARTE;SUBWAY-TADEN04/08;8,90;0
2015-08-05;PAIEMENTPARCARTE;INTERMARCHETADEN04/08;15,58;0
2015-08-05;WEBCOMPTEJOINTCMB;VIREMENTEMIS;650,00;0
2015-08-04;PAIEMENTPARCARTE;SUBWAY-TADEN03/08;8,90;0
2015-08-04;PAIEMENTPARCARTE;CAMPINGMPALDINAN03/08;39,20;0
2015-08-04;PAIEMENTPARCARTE;CARREFOURCITYDINAN03/08;8,08;0
2015-08-04;PAIEMENTPARCARTE;INTERMARCHETADEN03/08;6,82;0
2015-08-03;COTISATION;COMPTESERVICEOPTION2;6,28;0
2015-08-03;PAIEMENTPARCARTE;UTILELESNEVENSTMEEN01/08;30,68;0
2015-08-03;PAIEMENTPARCARTE;CELIOLESNEVEN01/08;89,99;0
2015-08-03;PAIEMENTPARCARTE;CACHECACHELESNEVEN01/08;57,49;0
2015-08-03;PAIEMENTPARCARTE;INTERMARCHETADEN31/07;22,99;0
2015-07-30;PRELEVEMENT;GAEL;1,13;0
2015-07-30;RETRAITAUDISTRIBUTEUR;DINAN29/0720H57;60,00;0
2015-07-29;PAIEMENTPARCARTE;CAMPINGMPALDINAN28/07;29,40;0
2015-07-29;PAIEMENTPARCARTE;LESVOYAGEURSDINAN28/07;17,80;0
2015-07-28;PRELEVEMENT;SUPPLETIS018506;97,20;0
2015-07-28;PAIEMENTPARCARTE;STATIONU29LANDIVISIAU27/07;66,27;0
2015-07-28;PAIEMENTPARCARTE;INTERHOTELTADEN27/07;76,65;0
2015-07-28;PAIEMENTPARCARTE;CARREFOURMARKETQUEVERT27/07;26,29;0
2015-07-27;RETRAITAUDISTRIBUTEUR;06323LESNEVEN25/0716H00;60,00;0
2015-07-27;PAIEMENTPARCARTE;PHARMACIEROUDALESNEVEN25/07;5,20;0
2015-07-27;PAIEMENTPARCARTE;MARIEMARIELESNEVEN25/07;96,00;0
2015-07-27;PAIEMENTPARCARTE;LIDAHOLESNEVEN25/07;73,40;0
2015-07-23;RETRAITAUDISTRIBUTEUR;DABBRESTST-MARC23/0716H59;100,00;0
2015-07-23;BIRRIENDENISE;VIREMENTENVOTREFAVEUR;0;5000,00
2015-07-22;RETROATITRECOMMERCIAL;COMMISSIOND'INTERVENTION;0;8,00
2015-07-22;FRAIS;COMMISSIOND'INTERVENTION;8,00;0
2015-07-21;RETROATITRECOMMERCIAL;COMMISSIOND'INTERVENTION;0;8,00
2015-07-21;FRAIS;LETTREINFOCPTDEBITNONAUTOR;14,00;0
2015-07-21;FRAIS;COMMISSIOND'INTERVENTION;8,00;0
2015-07-21;FRAIS;PRELEVEMENTIMPAYE;12,00;0
2015-07-21;CRCAMDUFINISTERE;PRELEVMNT;6,15;0
2015-07-21;REJET;PRLVSUPPLETIS;0;90,00
2015-07-20;RETROATITRECOMMERCIAL;COMMISSIOND'INTERVENTION;0;8,00
2015-07-20;FRAIS;COMMISSIOND'INTERVENTION;8,00;0
2015-07-18;REJET;PRLVSFR;0;46,43
2015-07-17;RETROATITRECOMMERCIAL;COMMISSIOND'INTERVENTION;0;8,00
2015-07-17;FRAIS;COMMISSIOND'INTERVENTION;8,00;0
2015-07-17;PRELEVEMENT;SUPPLETIS018506;90,00;0
2015-07-17;SFR;PRELEVMNT;46,43;0
2015-07-16;RETRAITAUDISTRIBUTEUR;LESNEVEN15/0715H16;60,00;0
2015-07-15;RETROATITRECOMMERCIAL;COMMISSIOND'INTERVENTION;0;16,00
2015-07-15;FRAIS;COMMISSIOND'INTERVENTION;16,00;0
2015-07-13;FRAIS;COMMISSIOND'INTERVENTION;24,00;0
2015-07-13;SFRFIXEADSL;PRELEVMNT;38,96;0
2015-07-13;RETRAITAUDISTRIBUTEUR;LESNEVEN12/0709H40;60,00;0
2015-07-10;FRAIS;COMMISSIOND'INTERVENTION;8,00;0
2015-07-10;RETRAITAUDISTRIBUTEUR;LESNEVEN09/0716H01;60,00;0
2015-07-09;PRELEVEMENT;PRETPERSONNEL018506;146,90;0
2015-07-09;PRELEVEMENT;PRETPERSONNEL018506;383,59;0
2015-07-09;RETRAITAUDISTRIBUTEUR;LESNEVEN08/0709H20;60,00;0
2015-07-08;FRAIS;COMMISSIOND'INTERVENTION;8,00;0
2015-07-07;FRAIS;COMMISSIOND'INTERVENTION;24,00;0
2015-07-02;FRAIS;INTDEB2TRIM15TAEG=17,62%;18,89;0
2015-07-07;B-PREDICA;PRELEVMNT;4,87;0
2015-07-06;FRAIS;COMMISSIOND'INTERVENTION;16,00;0
2015-07-06;MMAIARDSA;PRELEVMNT;101,45;0
2015-07-06;PAIEMENTPARCARTE;CASINOCARBSS184LESNEVEN04/07;8,04;0
2015-07-06;WEBCOMPTEJOINTCMB;VIREMENTEMIS;650,00;0
2015-07-03;RETRAITAUDISTRIBUTEUR;DAB1DINANLEHO02/0715H01;60,00;0
2015-07-03;PAIEMENTPARCARTE;CARREFMARKETDACQUEVERT02/07;69,82;0
2015-07-01;COTISATION;COMPTESERVICEOPTION2;6,28;0
2015-07-01;RETRAITAUDISTRIBUTEUR;LESNEVEN30/0611H36;80,00;0
2015-06-29;PRELEVEMENT;GAEL;1,13;0
2015-06-29;CRCAMDUFINISTERE;PRELEVMNT;14,13;0
2015-06-29;RETRAITAUDISTRIBUTEUR;LESNEVEN26/0616H36;60,00;0
2015-06-25;PAIEMENTPARCARTE;UEXPRESS29BREST24/06;12,35;0
2015-06-22;CRCAMDUFINISTERE;PRELEVMNT;6,15;0
2015-06-22;PAIEMENTPARCARTE;SMCASINOCS184LESNEVEN19/06;15,60;0
2015-06-21;RETRAITAUDISTRIBUTEUR;MORLAIXCARNOTGD21/0619H27;80,00;0
2015-06-18;PRELEVEMENT;SUPPLETIS018506;100,00;0
2015-06-16;RETRAITAUDISTRIBUTEUR;LESNEVEN15/0614H07;80,00;0
2015-06-16;PAIEMENTPARCARTE;LECLERCLEFOLGOET15/06;16,22;0
2015-06-15;SFR;PRELEVMNT;45,48;0
2015-06-15;SFRFIXEADSL;PRELEVMNT;28,95;0
2015-06-12;PAIEMENTPARCARTE;SMCASINOCS184LESNEVEN11/06;16,19;0
2015-06-11;PAIEMENTPARCARTE;CASINOCARBSS184LESNEVEN10/06;70,93;0
2015-06-10;PAIEMENTPARCARTE;SUPERU29PLOUGASTELDA09/06;21,99;0
2015-06-09;PRELEVEMENT;PRETPERSONNEL018506;146,90;0
2015-06-09;PRELEVEMENT;PRETPERSONNEL018506;383,59;0
2015-06-09;B-PREDICA;PRELEVMNT;4,87;0
2015-06-08;RETRAITAUDISTRIBUTEUR;BREST05/0617H08;80,00;0
2015-06-08;RETRAITAUDISTRIBUTEUR;STMARCBREST207/0611H48;60,00;0
2015-06-05;MMAIARDSA;PRELEVMNT;101,45;0
2015-06-05;EDFclientsparticuliers;PRELEVMNT;35,89;0
2015-06-05;PAIEMENTPARCARTE;LEONVOLLESNEVEN04/06;23,10;0
2015-06-05;WEBCOMPTEJOINTCMB;VIREMENTEMIS;650,00;0
2015-06-04;PAIEMENTPARCARTE;SMCASINOCS184LESNEVEN03/06;16,08;0
2015-06-02;PAIEMENTPARCARTE;SMCASINOCS184LESNEVEN01/06;15,73;0
2015-06-02;INTERETSCREDITEURS;PARTSSOCLANDERNEAU;0;0,58
2015-06-01;COTISATION;COMPTESERVICEOPTION2;6,28;0
2015-06-01;RETRAITAUDISTRIBUTEUR;LESNEVEN29/0517H41;80,00;0
2015-06-01;PAIEMENTPARCARTE;STELOIAUTOPLOUDANIEL29/05;280,16;0
2015-06-01;PAIEMENTPARCARTE;SMCASINOCS184LESNEVEN29/05;14,62;0
2015-06-01;PAIEMENTPARCARTE;REL.COTESLEGENDPLOUDANIE29/05;15,01;0
